epoch,step,test_acc,test_loss
0,0,0.5600000023841858,1.2822611331939697
