epoch,step,test_acc,test_loss
0,0,0.5199999809265137,1.3444385528564453
