epoch,step,train_loss,val_acc,val_loss
0,9,1.9893989562988281,,
0,10,,0.2266666740179062,2.0582118034362793
1,19,1.797385811805725,,
1,21,,0.41999998688697815,1.9137133359909058
2,29,1.662024974822998,,
2,32,,0.46000000834465027,1.7000977993011475
3,39,1.6415176391601562,,
3,43,,0.47333332896232605,1.5328807830810547
4,49,1.449055552482605,,
4,54,,0.5400000214576721,1.430877447128296
