epoch,step,test_acc,test_loss
0,0,0.5133333206176758,1.4580920934677124
