epoch,step,test_acc,test_loss
0,0,0.6000000238418579,1.0999433994293213
