epoch,step,test_acc,test_loss
0,0,0.5666666626930237,1.2315049171447754
