epoch,step,test_acc,test_loss
0,0,0.5933333039283752,1.2290550470352173
