epoch,step,test_acc,test_loss
0,0,0.5533333420753479,1.267214059829712
