epoch,step,test_acc,test_loss
0,0,0.5733333230018616,1.2196388244628906
