epoch,step,test_acc,test_loss
0,0,0.54666668176651,1.2225823402404785
