epoch,step,test_acc,test_loss
0,0,0.9735555648803711,0.09187505394220352
